CreatedDate,pm25_Lakshmi K: Kitchen,pm10_Lakshmi K: Kitchen,aqi_Lakshmi K: Kitchen,co2_Lakshmi K: Kitchen,voc_Lakshmi K: Kitchen,temperature_Lakshmi K: Kitchen,humidity_Lakshmi K: Kitchen,battery_Lakshmi K: Kitchen
2024-07-02 01:00:00,34.0000,40.5000,57,458.0000,530.0000,33.0,59.5000,100
2024-07-02 02:00:00,30.5000,35.5000,51,444.5000,447.5000,33.0,59.0000,100
2024-07-02 03:00:00,27.5000,32.5000,46,449.5000,415.0000,33.0,59.0000,100
2024-07-02 04:00:00,27.0000,31.5000,45,457.0000,401.0000,33.0,57.5000,100
2024-07-02 05:00:00,25.0000,30.0000,42,467.0000,421.5000,33.0,56.5000,100
2024-07-02 06:00:00,25.5000,30.0000,42,492.5000,550.0000,33.0,56.0000,100
2024-07-02 07:00:00,32.5000,37.5000,54,546.5000,584.5000,33.0,59.0000,100
2024-07-02 08:00:00,41.0000,50.5000,68,597.5000,614.5000,33.0,60.5000,80
2024-07-02 09:00:00,101.0000,121.0000,237,502.5000,524.5000,33.0,61.0000,100
2024-07-02 10:00:00,55.0000,67.5000,92,445.5000,459.5000,33.0,58.5000,100
2024-07-02 11:00:00,98.0000,127.0000,227,490.5000,507.0000,33.0,59.5000,100
2024-07-02 12:00:00,43.0000,52.5000,72,431.5000,238.0000,33.0,59.5000,100
2024-07-02 13:00:00,45.0000,55.0000,75,612.0000,460.0000,33.5,61.5000,100
2024-07-02 14:00:00,27.5000,31.5000,46,436.0000,182.0000,34.0,58.5000,100
2024-07-02 15:00:00,20.0000,24.5000,33,402.5000,105.0000,34.0,55.5000,100
2024-07-02 16:00:00,19.0000,23.5000,32,405.5000,120.5000,34.0,55.0000,100
2024-07-02 17:00:00,24.5000,29.5000,41,495.5000,454.5000,34.0,57.5000,100
2024-07-02 18:00:00,15.0000,19.5000,25,465.0000,505.5000,34.0,57.0000,100
2024-07-02 19:00:00,21.5000,26.5000,36,536.5000,633.0000,34.0,58.0000,100
2024-07-02 20:00:00,21.0000,26.0000,35,447.5000,495.0000,34.0,58.0000,100
2024-07-02 21:00:00,20.0000,25.0000,33,475.5000,691.0000,33.0,59.0000,100
2024-07-02 22:00:00,21.5000,26.0000,36,480.5000,680.0000,33.0,59.0000,100
2024-07-02 23:00:00,33.0000,39.5000,55,471.5000,650.5000,33.0,58.5000,100
2024-07-03 00:00:00,31.5000,38.0000,52,493.0000,915.0000,33.0,58.5000,100
2024-07-03 01:00:00,24.5000,28.5000,41,503.5000,644.5000,33.0,56.5000,100
2024-07-03 02:00:00,24.0000,28.5000,40,494.5000,499.5000,33.0,55.5000,100
2024-07-03 03:00:00,22.5000,27.0000,38,523.5000,506.0000,33.0,53.5000,100
2024-07-03 04:00:00,24.0000,28.5000,40,486.0000,440.5000,33.0,56.0000,100
2024-07-03 05:00:00,23.5000,28.5000,39,476.0000,424.0000,33.0,58.0000,100
2024-07-03 06:00:00,22.0000,27.0000,37,463.0000,460.5000,33.0,57.5000,100
2024-07-03 07:00:00,23.0000,28.0000,38,498.5000,492.5000,33.0,57.0000,100
2024-07-03 08:00:00,33.5000,40.0000,56,632.0000,715.0000,33.5,57.5000,100
2024-07-03 09:00:00,40.0000,49.0000,67,501.0000,729.5000,33.0,58.0000,100
2024-07-03 10:00:00,47.0000,56.5000,78,506.0000,452.0000,33.0,59.0000,100
2024-07-03 11:00:00,15.0000,19.5000,25,444.5000,478.0000,33.0,58.5000,100
2024-07-03 12:00:00,16.5000,21.0000,28,423.5000,250.5000,33.0,58.0000,100
2024-07-03 13:00:00,64.5000,80.5000,115,444.0000,554.0000,33.0,61.0000,100
2024-07-03 14:00:00,49.0000,61.0000,82,438.0000,407.0000,33.0,61.0000,100
2024-07-03 15:00:00,31.0000,36.5000,52,425.0000,313.5000,33.0,60.0000,100
2024-07-03 16:00:00,9.5000,12.0000,16,413.0000,243.0000,33.0,59.5000,100
2024-07-03 17:00:00,4.5000,5.5000,8,420.5000,311.0000,33.0,58.5000,100
2024-07-03 18:00:00,5.0000,6.0000,8,433.5000,414.0000,33.0,57.5000,100
2024-07-03 19:00:00,7.0000,8.5000,12,458.5000,695.0000,33.0,57.0000,100
2024-07-03 20:00:00,10.5000,13.0000,18,466.5000,705.5000,33.0,57.0000,100
2024-07-03 21:00:00,13.0000,16.5000,22,466.5000,753.0000,32.5,58.0000,100
2024-07-03 22:00:00,21.5000,26.0000,36,462.5000,464.5000,32.0,58.5000,100
2024-07-03 23:00:00,37.0000,44.0000,62,476.0000,662.0000,32.0,59.0000,100
2024-07-04 00:00:00,20.0000,25.0000,33,479.0000,465.0000,32.0,56.5000,100
2024-07-04 01:00:00,10.5000,13.5000,18,474.0000,352.0000,32.0,55.0000,100
2024-07-04 02:00:00,8.0000,10.0000,13,491.0000,439.5000,32.0,55.0000,100
2024-07-04 03:00:00,10.0000,13.0000,17,480.5000,373.5000,32.0,55.5000,100
2024-07-04 04:00:00,13.0000,16.5000,22,476.5000,362.0000,32.0,56.0000,100
2024-07-04 05:00:00,18.0000,22.5000,30,465.5000,409.0000,32.0,57.0000,100
2024-07-04 06:00:00,20.5000,24.5000,34,491.0000,575.5000,32.0,56.5000,100
2024-07-04 07:00:00,27.0000,32.0000,45,480.0000,472.5000,32.0,60.0000,100
2024-07-04 08:00:00,41.0000,47.5000,68,487.5000,679.5000,32.0,61.5000,100
2024-07-04 09:00:00,37.0000,45.5000,62,519.0000,904.0000,32.0,60.5000,100
2024-07-04 10:00:00,27.5000,33.0000,46,453.0000,478.0000,32.0,61.0000,100
2024-07-04 11:00:00,30.5000,36.5000,51,427.0000,358.0000,32.0,61.5000,100
2024-07-04 12:00:00,42.5000,52.0000,71,423.0000,338.5000,32.0,61.5000,100
2024-07-04 13:00:00,44.5000,55.5000,74,424.5000,345.5000,32.0,60.0000,100
2024-07-04 14:00:00,55.5000,69.5000,92,428.0000,441.5000,32.0,61.5000,100
2024-07-04 15:00:00,43.5000,53.5000,72,424.5000,396.0000,32.0,62.0000,100
2024-07-04 16:00:00,26.0000,31.0000,43,418.0000,97.0000,32.0,61.0000,100
2024-07-04 17:00:00,10.5000,13.5000,18,545.5000,187.5000,32.0,60.0000,100
2024-07-04 18:00:00,12.0000,15.5000,20,511.5000,189.5000,32.0,60.5000,100
2024-07-04 19:00:00,20.5000,26.0000,34,455.0000,199.5000,32.0,60.0000,100
2024-07-04 20:00:00,18.5000,23.5000,31,563.5000,368.0000,32.0,63.0000,100
2024-07-04 21:00:00,20.5000,25.5000,34,684.0000,564.5000,32.0,63.0000,100
2024-07-04 22:00:00,23.5000,28.0000,39,810.0000,587.5000,33.0,63.5000,100
2024-07-04 23:00:00,20.5000,25.5000,34,652.0000,395.0000,32.0,61.0000,100
2024-07-05 00:00:00,23.0000,27.5000,38,503.0000,307.0000,32.5,58.0000,100
2024-07-05 01:00:00,24.5000,29.5000,41,498.0000,276.0000,32.0,58.0000,100
2024-07-05 02:00:00,21.0000,26.0000,35,501.5000,245.0000,32.0,58.0000,100
2024-07-05 03:00:00,15.0000,19.0000,25,474.5000,179.0000,32.0,58.5000,100
2024-07-05 04:00:00,14.5000,18.5000,24,471.5000,181.0000,32.0,58.0000,100
2024-07-05 05:00:00,23.0000,28.5000,38,472.0000,202.0000,32.0,58.0000,100
2024-07-05 06:00:00,49.0000,61.0000,82,642.0000,318.0000,32.0,59.5000,100
2024-07-05 07:00:00,39.5000,48.5000,66,501.5000,293.0000,32.0,62.0000,100
2024-07-05 08:00:00,37.0000,45.5000,62,457.0000,317.0000,32.0,62.5000,100
2024-07-05 09:00:00,49.0000,60.5000,82,492.0000,251.5000,32.0,62.5000,100
2024-07-05 10:00:00,51.5000,64.0000,86,490.5000,221.0000,32.0,64.0000,100
2024-07-05 11:00:00,74.5000,91.0000,148,447.5000,228.5000,32.0,64.0000,100
2024-07-05 12:00:00,64.0000,80.0000,113,437.0000,185.5000,32.0,64.5000,100
2024-07-05 13:00:00,49.5000,61.0000,82,424.0000,141.5000,32.0,65.0000,100
2024-07-05 14:00:00,42.0000,51.5000,70,418.0000,113.0000,32.0,64.0000,100
2024-07-05 15:00:00,27.5000,33.5000,46,416.5000,105.0000,32.0,63.0000,100
2024-07-05 16:00:00,17.5000,21.5000,29,414.5000,100.0000,32.0,61.5000,100
2024-07-05 17:00:00,10.0000,13.0000,17,415.5000,93.5000,32.0,61.0000,100
2024-07-05 18:00:00,7.5000,10.0000,12,416.5000,104.0000,32.0,61.5000,100
2024-07-05 19:00:00,10.5000,13.5000,18,422.0000,135.5000,31.5,62.0000,100
2024-07-05 20:00:00,17.5000,22.0000,29,435.5000,168.5000,31.5,62.0000,100
2024-07-05 21:00:00,17.0000,22.0000,28,443.5000,180.0000,31.0,62.5000,100
2024-07-05 22:00:00,101.5000,130.5000,238,562.5000,290.0000,32.0,62.0000,100
2024-07-05 23:00:00,13.0000,17.0000,22,427.0000,101.5000,32.0,62.0000,100
2024-07-06 00:00:00,10.5000,14.0000,18,423.0000,82.5000,32.0,62.0000,100
2024-07-06 01:00:00,11.0000,14.5000,18,421.0000,68.0000,32.0,62.0000,100
2024-07-06 02:00:00,13.0000,17.0000,22,421.5000,61.0000,31.5,62.0000,100
2024-07-06 03:00:00,14.0000,18.5000,23,420.0000,50.0000,31.0,62.0000,100
2024-07-06 04:00:00,17.0000,21.5000,28,425.0000,64.0000,31.0,62.0000,100
2024-07-06 05:00:00,25.5000,30.5000,42,429.5000,98.5000,31.0,62.0000,100
2024-07-06 06:00:00,28.0000,32.5000,47,430.5000,99.0000,31.0,62.5000,100
2024-07-06 07:00:00,20.5000,25.0000,34,438.0000,130.5000,31.0,62.5000,100
2024-07-06 08:00:00,26.5000,31.0000,44,433.5000,111.5000,31.0,63.0000,100
2024-07-06 09:00:00,28.5000,33.5000,48,438.0000,154.5000,31.0,63.0000,100
2024-07-06 10:00:00,54.0000,67.0000,90,435.0000,169.5000,31.0,63.5000,100
2024-07-06 11:00:00,63.5000,79.5000,112,446.0000,209.0000,31.0,64.0000,100
2024-07-06 12:00:00,63.0000,78.5000,110,437.5000,142.5000,31.0,63.0000,100
2024-07-06 13:00:00,48.5000,61.0000,81,413.0000,42.5000,31.5,61.5000,100
2024-07-06 14:00:00,46.0000,57.5000,77,415.0000,71.5000,31.5,63.0000,100
2024-07-06 15:00:00,39.0000,48.0000,65,419.5000,105.5000,32.0,63.0000,100
2024-07-06 16:00:00,35.0000,42.0000,58,425.5000,134.5000,32.0,63.5000,100
2024-07-06 17:00:00,30.0000,35.5000,50,425.5000,121.0000,32.0,62.5000,100
2024-07-06 18:00:00,29.5000,34.5000,49,422.5000,133.0000,32.0,62.0000,100
2024-07-06 19:00:00,19.0000,24.0000,32,418.5000,142.0000,31.0,64.0000,80
2024-07-06 20:00:00,14.0000,17.5000,23,421.0000,168.0000,31.0,63.0000,80
2024-07-06 21:00:00,17.0000,21.5000,28,433.0000,206.5000,31.0,63.5000,60
2024-07-06 22:00:00,21.0000,25.5000,35,427.0000,201.5000,32.0,61.5000,80
2024-07-06 23:00:00,12.0000,15.0000,20,429.0000,159.5000,32.0,61.0000,80
2024-07-07 00:00:00,7.0000,8.0000,12,426.0000,115.0000,32.0,60.0000,100
2024-07-07 01:00:00,7.5000,9.5000,12,423.0000,111.0000,31.0,60.0000,100
2024-07-07 02:00:00,5.0000,6.5000,8,417.5000,77.0000,31.0,59.5000,100
2024-07-07 03:00:00,6.0000,8.0000,10,419.0000,78.0000,31.0,59.0000,100
2024-07-07 04:00:00,11.5000,14.0000,19,420.5000,85.5000,31.0,59.5000,100
2024-07-07 05:00:00,26.0000,31.0000,43,431.5000,121.5000,31.0,60.0000,100
2024-07-07 06:00:00,19.0000,23.0000,32,424.0000,104.5000,31.0,60.0000,100
2024-07-07 07:00:00,4.0000,5.0000,7,422.0000,102.5000,31.0,60.0000,100
2024-07-07 08:00:00,4.0000,5.0000,7,423.5000,119.0000,31.0,59.0000,100
2024-07-07 09:00:00,8.0000,10.5000,13,417.5000,129.0000,31.0,59.0000,100
2024-07-07 10:00:00,8.5000,10.5000,14,414.0000,90.0000,31.0,59.0000,100
2024-07-07 11:00:00,7.5000,9.5000,12,415.0000,80.0000,31.0,59.0000,100
2024-07-07 12:00:00,8.0000,10.5000,13,422.5000,64.5000,31.0,59.5000,100
2024-07-07 13:00:00,7.0000,8.5000,12,409.5000,54.5000,31.0,59.0000,100
2024-07-07 14:00:00,10.5000,13.0000,18,411.5000,94.5000,31.0,60.0000,100
2024-07-07 15:00:00,7.0000,9.0000,12,412.5000,92.0000,31.0,59.0000,100
2024-07-07 16:00:00,7.0000,9.5000,12,474.0000,114.0000,32.0,57.0000,100
2024-07-07 17:00:00,2.5000,3.5000,4,411.0000,85.5000,32.0,53.0000,100
2024-07-07 18:00:00,2.0000,3.5000,4,407.5000,86.5000,32.0,52.5000,100
2024-07-07 19:00:00,4.0000,5.0000,7,412.5000,127.5000,32.0,53.0000,100
2024-07-07 20:00:00,5.5000,7.0000,9,446.0000,192.0000,32.0,54.0000,100
2024-07-07 21:00:00,5.5000,6.5000,9,430.5000,212.5000,32.0,54.5000,100
2024-07-07 22:00:00,7.5000,9.5000,12,441.0000,219.5000,32.0,55.5000,100
2024-07-07 23:00:00,51.5000,59.0000,86,458.0000,245.0000,32.0,56.0000,100
2024-07-08 00:00:00,5.0000,6.0000,8,424.0000,158.0000,32.0,56.0000,100
2024-07-08 01:00:00,3.5000,4.5000,6,422.5000,139.5000,32.0,56.5000,100
2024-07-08 02:00:00,7.0000,9.0000,12,425.0000,134.0000,31.5,57.0000,100
2024-07-08 03:00:00,5.0000,6.0000,8,424.0000,120.5000,31.0,57.5000,100
2024-07-08 04:00:00,6.5000,7.5000,11,423.0000,127.5000,31.0,58.0000,100
2024-07-08 05:00:00,9.0000,12.0000,15,429.0000,144.5000,31.0,58.5000,100
2024-07-08 06:00:00,9.0000,11.0000,15,430.5000,173.5000,31.0,58.0000,100
2024-07-08 07:00:00,10.0000,12.0000,17,435.5000,251.0000,31.0,58.5000,100
2024-07-08 08:00:00,32.0000,39.0000,53,438.5000,280.5000,31.0,58.0000,100
2024-07-08 09:00:00,26.0000,31.0000,43,424.0000,192.5000,31.0,58.0000,100
2024-07-08 10:00:00,12.5000,16.0000,21,445.0000,158.5000,31.0,59.0000,100
2024-07-08 11:00:00,8.0000,10.0000,13,407.5000,82.5000,31.0,57.5000,100
2024-07-08 12:00:00,7.0000,9.0000,12,405.0000,56.5000,31.0,56.5000,100
2024-07-08 13:00:00,3.0000,4.0000,5,400.0000,53.5000,31.0,55.5000,100
2024-07-08 14:00:00,5.5000,6.5000,9,402.5000,99.5000,31.0,56.5000,100
2024-07-08 15:00:00,10.5000,13.5000,18,402.5000,162.0000,31.0,57.0000,100
2024-07-08 16:00:00,13.0000,16.5000,22,405.5000,186.5000,31.0,58.0000,100
2024-07-08 17:00:00,24.5000,29.5000,41,404.5000,189.5000,31.0,58.0000,100
2024-07-08 18:00:00,41.0000,50.5000,68,406.5000,223.5000,31.0,58.0000,100
2024-07-08 19:00:00,45.0000,55.0000,75,459.5000,390.0000,31.0,59.5000,100
2024-07-08 20:00:00,31.5000,37.5000,52,424.5000,366.0000,31.0,60.0000,100
2024-07-08 21:00:00,59.0000,72.0000,98,474.0000,626.5000,31.0,61.5000,100
2024-07-08 22:00:00,55.0000,68.0000,92,525.0000,645.0000,32.0,61.5000,100
2024-07-08 23:00:00,49.0000,60.5000,82,465.5000,557.5000,31.0,60.5000,100
2024-07-09 00:00:00,51.5000,64.0000,86,473.0000,576.0000,31.0,60.5000,100
2024-07-09 01:00:00,48.5000,60.5000,81,425.5000,429.5000,31.0,62.0000,100
2024-07-09 02:00:00,45.0000,56.5000,75,437.5000,433.5000,31.0,62.0000,100
2024-07-09 03:00:00,37.0000,45.0000,62,441.0000,335.0000,31.0,61.0000,100
2024-07-09 04:00:00,40.5000,49.5000,68,440.0000,317.0000,31.0,63.0000,100
2024-07-09 05:00:00,46.0000,57.0000,77,437.5000,306.5000,31.0,63.0000,100
2024-07-09 06:00:00,46.0000,57.0000,77,441.5000,368.5000,31.0,64.0000,100
2024-07-09 07:00:00,38.5000,47.5000,64,446.0000,379.5000,31.0,64.5000,100
2024-07-09 08:00:00,43.5000,53.5000,72,474.5000,500.5000,31.0,65.0000,100
2024-07-09 09:00:00,55.5000,68.0000,92,535.0000,435.0000,31.5,65.5000,100
2024-07-09 10:00:00,57.0000,71.0000,95,452.5000,286.0000,31.0,66.0000,100
2024-07-09 11:00:00,58.0000,72.0000,97,471.0000,329.5000,32.0,66.0000,100
2024-07-09 12:00:00,42.0000,51.0000,70,807.0000,874.0000,32.0,66.0000,100
2024-07-09 13:00:00,31.0000,37.0000,52,500.5000,239.5000,32.0,62.5000,100
2024-07-09 14:00:00,60.5000,74.5000,102,417.0000,198.5000,32.0,62.0000,100
2024-07-09 15:00:00,14.5000,19.0000,24,426.5000,221.0000,32.0,61.5000,100
2024-07-09 16:00:00,14.0000,17.5000,23,411.0000,217.0000,32.0,61.0000,100
2024-07-09 17:00:00,16.5000,21.5000,28,417.0000,251.5000,32.0,61.0000,100
2024-07-09 18:00:00,36.0000,43.0000,60,583.5000,409.0000,32.0,61.5000,100
2024-07-09 19:00:00,27.5000,32.5000,46,452.0000,456.5000,32.0,61.5000,100
2024-07-09 20:00:00,33.5000,39.5000,56,711.0000,968.0000,32.0,62.0000,100
2024-07-09 21:00:00,42.5000,52.0000,71,639.0000,758.0000,32.0,63.0000,100
2024-07-09 22:00:00,48.5000,60.5000,81,513.0000,813.0000,32.0,61.5000,100
2024-07-09 23:00:00,41.0000,50.0000,68,529.5000,448.5000,32.0,60.5000,100
2024-07-10 00:00:00,40.5000,50.0000,68,521.5000,377.0000,32.0,60.0000,100
2024-07-10 01:00:00,53.0000,66.5000,88,509.5000,370.5000,32.0,61.0000,100
2024-07-10 02:00:00,61.5000,77.0000,105,491.0000,322.0000,32.0,62.0000,100
2024-07-10 03:00:00,70.5000,87.5000,135,472.0000,287.5000,32.0,64.0000,100
2024-07-10 04:00:00,67.5000,84.0000,125,479.5000,327.5000,32.0,64.5000,100
2024-07-10 05:00:00,55.0000,69.0000,92,483.5000,262.5000,32.0,63.5000,100
2024-07-10 06:00:00,51.5000,64.5000,86,479.0000,283.5000,31.5,64.5000,100
2024-07-10 07:00:00,63.5000,79.0000,112,579.5000,410.5000,31.5,64.5000,100
2024-07-10 08:00:00,82.0000,99.0000,173,1327.5000,520.0000,32.0,70.5000,100
2024-07-10 09:00:00,90.0000,107.0000,200,680.0000,362.0000,32.0,67.0000,100
2024-07-10 10:00:00,75.0000,93.5000,150,437.5000,77.5000,32.0,64.0000,100
2024-07-10 11:00:00,105.5000,125.5000,252,611.0000,107.5000,32.5,63.5000,100
2024-07-10 12:00:00,60.5000,76.0000,102,422.5000,66.0000,32.5,61.5000,100
2024-07-10 13:00:00,47.5000,59.5000,79,407.5000,45.5000,32.0,58.5000,100
2024-07-10 14:00:00,46.5000,58.0000,78,408.0000,45.0000,32.5,56.5000,100
2024-07-10 15:00:00,64.0000,79.5000,113,434.5000,240.5000,33.0,60.0000,100
2024-07-10 16:00:00,34.0000,42.0000,57,427.0000,214.0000,32.0,59.0000,100
2024-07-10 17:00:00,26.0000,31.0000,43,476.0000,337.0000,32.0,60.0000,100
2024-07-10 18:00:00,30.0000,35.5000,50,442.0000,432.5000,32.0,60.5000,100
2024-07-10 19:00:00,37.5000,46.0000,62,438.0000,330.0000,32.0,61.0000,100
2024-07-10 20:00:00,49.0000,60.5000,82,612.0000,738.0000,32.5,61.0000,100
2024-07-10 21:00:00,80.5000,93.0000,168,549.5000,532.5000,33.0,60.5000,100
2024-07-10 22:00:00,38.5000,47.0000,64,466.0000,372.0000,32.5,59.0000,100
2024-07-10 23:00:00,44.0000,54.5000,73,482.0000,400.5000,32.0,59.0000,100
2024-07-11 00:00:00,46.5000,58.0000,78,440.0000,310.0000,32.0,60.5000,100
2024-07-11 01:00:00,44.0000,55.0000,73,484.0000,477.5000,32.0,59.0000,100
2024-07-11 02:00:00,43.5000,53.5000,72,478.5000,456.0000,32.0,61.0000,100
2024-07-11 03:00:00,41.5000,51.5000,69,508.0000,597.5000,32.0,60.5000,100
2024-07-11 04:00:00,44.0000,54.0000,73,506.0000,501.0000,32.0,60.0000,100
2024-07-11 05:00:00,51.5000,64.0000,86,505.0000,461.5000,32.0,61.5000,100
2024-07-11 06:00:00,61.0000,76.5000,103,511.5000,481.0000,32.0,62.5000,100
2024-07-11 07:00:00,76.5000,95.0000,155,601.0000,607.0000,32.0,64.5000,100
2024-07-11 08:00:00,68.0000,84.5000,127,573.0000,487.0000,32.0,65.0000,100
2024-07-11 09:00:00,79.5000,90.5000,165,526.0000,279.5000,32.5,63.0000,100
2024-07-11 10:00:00,68.5000,77.5000,128,482.0000,166.5000,32.5,62.0000,100
2024-07-11 11:00:00,29.5000,34.5000,49,452.0000,109.5000,32.5,62.0000,100
2024-07-11 12:00:00,29.0000,34.0000,48,520.0000,206.0000,33.0,61.5000,100
2024-07-11 13:00:00,29.0000,34.5000,48,560.0000,219.5000,33.0,61.5000,80
2024-07-11 14:00:00,26.5000,31.5000,44,416.0000,59.0000,33.0,58.0000,80
2024-07-11 15:00:00,30.5000,35.5000,51,416.5000,80.0000,34.0,55.5000,100
2024-07-11 16:00:00,30.0000,35.0000,50,408.5000,68.5000,34.0,54.5000,100
2024-07-11 17:00:00,27.0000,32.0000,45,564.5000,416.0000,34.0,54.5000,100
2024-07-11 18:00:00,28.0000,33.0000,47,442.5000,208.0000,34.0,53.5000,100
2024-07-11 19:00:00,34.5000,41.0000,58,440.0000,494.0000,34.0,54.5000,100
2024-07-11 20:00:00,42.0000,51.5000,70,490.5000,859.5000,34.0,56.0000,80
2024-07-11 21:00:00,69.5000,84.5000,132,649.0000,1510.0000,34.0,58.0000,80
2024-07-11 22:00:00,45.5000,56.0000,76,495.5000,851.0000,34.0,60.0000,100
2024-07-11 23:00:00,45.5000,54.5000,76,502.0000,582.0000,34.0,59.0000,100
2024-07-12 00:00:00,24.5000,29.5000,41,439.0000,371.5000,34.0,54.5000,100
2024-07-12 01:00:00,14.5000,19.0000,24,448.5000,417.0000,33.0,51.5000,100
2024-07-12 02:00:00,12.5000,16.0000,21,443.0000,359.0000,33.0,51.0000,100
2024-07-12 03:00:00,10.0000,13.0000,17,435.5000,303.5000,33.0,51.5000,100
2024-07-12 04:00:00,10.0000,13.0000,17,435.5000,325.0000,33.0,52.0000,100
2024-07-12 05:00:00,9.5000,11.5000,16,439.5000,373.0000,33.0,51.0000,100
2024-07-12 06:00:00,8.0000,9.5000,13,441.0000,373.5000,33.0,49.0000,100
2024-07-12 07:00:00,9.0000,11.0000,15,430.5000,317.0000,33.0,50.0000,100
2024-07-12 08:00:00,14.5000,17.5000,24,511.0000,512.5000,32.5,51.5000,100
2024-07-12 09:00:00,43.0000,49.5000,72,480.5000,496.0000,32.0,52.0000,100
2024-07-12 10:00:00,16.5000,21.0000,28,462.0000,431.5000,33.0,52.5000,100
2024-07-12 11:00:00,15.5000,20.0000,26,412.5000,272.5000,33.0,52.0000,100
2024-07-12 12:00:00,13.0000,17.5000,22,646.5000,456.5000,32.5,55.0000,80
2024-07-12 13:00:00,10.0000,13.0000,17,438.5000,235.0000,32.5,53.0000,80
2024-07-12 14:00:00,10.5000,13.5000,18,409.5000,208.5000,33.0,51.5000,80
2024-07-12 15:00:00,11.0000,14.0000,18,399.0000,247.5000,33.0,50.0000,100
2024-07-12 16:00:00,10.5000,13.5000,18,409.0000,212.5000,33.0,50.5000,100
2024-07-12 17:00:00,11.0000,14.5000,18,421.5000,277.0000,33.0,52.5000,100
2024-07-12 18:00:00,13.0000,17.0000,22,411.0000,468.0000,33.0,53.5000,100
2024-07-12 19:00:00,13.5000,18.5000,22,408.5000,266.5000,33.0,53.0000,100
2024-07-12 20:00:00,18.5000,23.0000,31,417.0000,350.5000,33.0,54.0000,100
2024-07-12 21:00:00,21.0000,25.5000,35,438.0000,493.5000,33.0,54.0000,100
2024-07-12 22:00:00,21.5000,26.0000,36,453.5000,542.0000,33.0,54.5000,100
2024-07-12 23:00:00,24.0000,29.0000,40,463.5000,708.0000,33.0,55.5000,100
2024-07-13 00:00:00,22.0000,26.5000,37,479.0000,1112.0000,33.0,55.5000,100
2024-07-13 01:00:00,20.5000,25.5000,34,519.0000,2059.0000,33.0,55.0000,100
2024-07-13 02:00:00,16.0000,20.5000,27,515.5000,1235.5000,33.0,54.5000,100
2024-07-13 03:00:00,10.5000,13.5000,18,507.0000,932.5000,33.0,53.0000,100
2024-07-13 04:00:00,9.5000,12.5000,16,539.5000,948.5000,33.0,52.0000,100
2024-07-13 05:00:00,11.0000,14.0000,18,537.5000,1101.5000,33.0,52.0000,100
2024-07-13 06:00:00,18.5000,23.5000,31,450.5000,523.0000,32.5,54.0000,100
2024-07-13 07:00:00,35.0000,42.5000,58,425.0000,448.5000,32.0,54.5000,100
2024-07-13 08:00:00,35.0000,41.5000,58,500.5000,554.5000,32.0,55.0000,100
2024-07-13 09:00:00,27.5000,33.0000,46,456.5000,362.5000,32.0,56.0000,100
2024-07-13 10:00:00,34.5000,41.5000,58,515.0000,394.0000,32.5,57.0000,100
2024-07-13 11:00:00,24.0000,29.0000,40,431.5000,260.5000,33.0,55.0000,100
2024-07-13 12:00:00,23.5000,28.5000,39,415.0000,202.5000,33.0,55.0000,100
2024-07-13 13:00:00,30.0000,35.0000,50,415.5000,112.0000,33.0,55.0000,100
2024-07-13 14:00:00,28.5000,33.5000,48,406.0000,300.0000,33.0,53.5000,100
2024-07-13 15:00:00,21.5000,27.0000,36,404.5000,242.0000,32.5,53.5000,100
2024-07-13 16:00:00,20.5000,25.0000,34,413.5000,445.5000,32.5,58.0000,100
2024-07-13 17:00:00,28.0000,32.5000,47,439.0000,529.5000,33.0,58.0000,100
2024-07-13 18:00:00,23.5000,29.0000,39,454.0000,499.0000,33.0,55.5000,100
2024-07-13 19:00:00,20.0000,24.5000,33,424.0000,565.0000,33.0,56.5000,100
2024-07-13 20:00:00,25.0000,30.0000,42,429.5000,654.5000,33.0,57.0000,100
2024-07-13 21:00:00,40.0000,49.0000,67,441.5000,761.5000,33.0,58.0000,100
2024-07-13 22:00:00,40.0000,48.5000,67,493.5000,883.5000,33.0,59.5000,100
2024-07-13 23:00:00,27.5000,32.5000,46,457.5000,735.5000,33.0,60.0000,100
2024-07-14 00:00:00,32.0000,38.0000,53,734.0000,1232.5000,32.0,63.5000,80
2024-07-14 01:00:00,30.0000,35.0000,50,646.5000,790.5000,33.0,60.0000,80
2024-07-14 02:00:00,28.5000,33.0000,48,525.0000,957.0000,33.0,56.0000,100
2024-07-14 03:00:00,26.0000,31.0000,43,518.5000,1052.0000,33.0,56.0000,100
2024-07-14 04:00:00,25.0000,29.0000,42,505.0000,939.5000,32.5,57.0000,100
2024-07-14 05:00:00,22.5000,27.5000,38,472.0000,750.0000,32.0,57.0000,80
2024-07-14 06:00:00,25.0000,30.0000,42,517.5000,977.0000,32.0,59.5000,80
2024-07-14 07:00:00,31.5000,36.5000,52,1094.0000,1574.0000,33.5,60.0000,80
2024-07-14 08:00:00,36.0000,43.5000,60,585.5000,788.0000,33.5,59.5000,80
2024-07-14 09:00:00,49.5000,61.5000,82,493.0000,703.0000,33.0,58.5000,80
2024-07-14 10:00:00,48.5000,60.0000,81,462.0000,641.5000,33.0,58.5000,100
2024-07-14 11:00:00,111.0000,135.0000,270,531.0000,589.0000,33.0,59.0000,100
2024-07-14 12:00:00,56.0000,69.0000,93,495.0000,462.5000,33.0,58.0000,100
2024-07-14 13:00:00,61.0000,76.0000,103,431.0000,280.0000,33.0,57.0000,100
2024-07-14 14:00:00,65.5000,82.0000,118,407.0000,230.0000,32.5,58.0000,100
2024-07-14 15:00:00,59.5000,74.5000,99,406.5000,97.0000,33.0,55.0000,100
2024-07-14 16:00:00,56.0000,70.5000,93,408.5000,336.0000,33.0,56.5000,100
2024-07-14 17:00:00,56.5000,71.0000,94,406.5000,229.5000,33.0,56.5000,100
2024-07-14 18:00:00,54.0000,67.0000,90,407.5000,145.5000,33.0,55.5000,100
2024-07-14 19:00:00,44.5000,54.5000,74,412.5000,406.0000,33.0,56.0000,100
2024-07-14 20:00:00,42.5000,52.0000,71,425.5000,611.5000,33.0,56.5000,100
2024-07-14 21:00:00,41.0000,50.0000,68,441.5000,867.0000,33.0,57.0000,100
2024-07-14 22:00:00,35.5000,42.5000,59,442.0000,948.0000,33.0,57.0000,100
2024-07-14 23:00:00,33.0000,39.0000,55,437.0000,888.0000,33.0,57.0000,100
2024-07-15 00:00:00,35.5000,43.5000,59,455.5000,1108.5000,33.0,58.0000,100
2024-07-15 01:00:00,35.5000,42.5000,59,497.5000,998.5000,33.0,56.5000,100
2024-07-15 02:00:00,38.0000,46.0000,63,498.5000,804.0000,33.0,54.5000,100
2024-07-15 03:00:00,40.5000,49.5000,68,494.0000,698.0000,33.0,54.0000,100
2024-07-15 04:00:00,45.0000,55.0000,75,508.5000,737.0000,33.0,53.5000,100
2024-07-15 05:00:00,46.5000,57.0000,78,535.0000,1067.0000,33.0,52.5000,100
2024-07-15 06:00:00,42.5000,52.5000,71,587.0000,1756.0000,33.0,50.0000,100
2024-07-15 07:00:00,51.0000,63.5000,85,556.0000,1268.5000,33.0,55.5000,100
2024-07-15 08:00:00,56.5000,71.0000,94,558.5000,1599.0000,33.0,58.5000,100
2024-07-15 09:00:00,51.0000,63.5000,85,467.5000,909.0000,33.0,58.5000,100
2024-07-15 10:00:00,22.5000,27.0000,38,419.0000,476.5000,32.0,57.0000,100
2024-07-15 11:00:00,12.5000,17.0000,21,413.5000,452.5000,32.0,58.0000,100
2024-07-15 12:00:00,17.0000,21.5000,28,419.5000,728.0000,32.0,59.5000,100
2024-07-15 13:00:00,38.5000,47.0000,64,416.0000,668.0000,32.0,62.0000,100
2024-07-15 14:00:00,48.5000,60.5000,81,411.0000,522.5000,32.0,62.0000,100
2024-07-15 15:00:00,49.5000,61.5000,82,415.5000,509.0000,33.0,61.0000,100
2024-07-15 16:00:00,53.0000,66.0000,88,411.0000,464.0000,33.0,61.5000,100
2024-07-15 17:00:00,57.0000,72.0000,95,412.0000,465.5000,33.0,61.0000,100
2024-07-15 18:00:00,58.0000,72.5000,97,416.5000,580.0000,33.0,61.0000,100
2024-07-15 19:00:00,54.5000,68.0000,91,492.0000,923.0000,33.0,62.0000,100
2024-07-15 20:00:00,59.0000,73.0000,98,896.0000,1559.0000,33.0,66.0000,80
2024-07-15 21:00:00,47.5000,59.0000,79,548.5000,1283.5000,33.5,60.5000,80
2024-07-15 22:00:00,44.0000,54.0000,73,468.5000,1275.0000,33.0,59.0000,100
2024-07-15 23:00:00,37.5000,45.5000,62,471.5000,1219.0000,33.0,60.0000,100
2024-07-16 00:00:00,39.0000,47.5000,65,474.5000,1328.5000,33.0,60.5000,100
2024-07-16 01:00:00,40.5000,49.5000,68,466.0000,1141.5000,33.0,61.0000,100
2024-07-16 02:00:00,42.0000,51.5000,70,463.5000,1051.5000,33.0,61.0000,100
2024-07-16 03:00:00,41.0000,50.5000,68,455.5000,824.0000,33.0,61.0000,100
2024-07-16 04:00:00,44.0000,54.0000,73,455.0000,747.5000,33.0,61.0000,100
2024-07-16 05:00:00,45.0000,56.0000,75,453.5000,742.5000,33.0,61.0000,100
2024-07-16 06:00:00,45.5000,56.5000,76,449.5000,821.0000,32.0,62.0000,100
2024-07-16 07:00:00,46.5000,57.5000,78,454.5000,494.0000,32.5,62.0000,100
2024-07-16 08:00:00,53.5000,66.5000,89,538.0000,279.5000,32.5,63.0000,100
2024-07-16 09:00:00,88.0000,104.5000,193,662.0000,362.0000,33.0,63.5000,100
2024-07-16 10:00:00,50.0000,61.5000,83,441.0000,97.5000,33.0,63.0000,100
2024-07-16 11:00:00,56.5000,71.0000,94,504.5000,125.5000,33.0,62.5000,100
2024-07-16 12:00:00,75.0000,91.0000,150,714.5000,193.0000,33.5,64.0000,100
2024-07-16 13:00:00,46.0000,57.0000,77,470.0000,54.0000,34.0,59.0000,100
2024-07-16 14:00:00,46.5000,57.0000,78,410.0000,57.5000,34.0,56.5000,100
2024-07-16 15:00:00,33.5000,40.5000,56,513.0000,221.5000,34.0,55.0000,100
2024-07-16 16:00:00,24.0000,29.0000,40,470.5000,133.5000,34.0,54.0000,100
2024-07-16 17:00:00,21.5000,26.0000,36,434.5000,98.0000,34.0,52.5000,100
2024-07-16 18:00:00,28.5000,34.0000,48,516.0000,262.0000,34.0,54.0000,100
2024-07-16 19:00:00,38.0000,45.5000,63,415.0000,173.5000,34.0,55.5000,100
2024-07-16 20:00:00,36.5000,44.5000,61,421.0000,350.5000,34.0,57.0000,100
2024-07-16 21:00:00,44.0000,53.5000,73,441.0000,536.5000,34.0,59.0000,100
2024-07-16 22:00:00,45.0000,55.0000,75,490.0000,818.5000,34.0,61.0000,100
2024-07-16 23:00:00,44.0000,54.0000,73,463.0000,561.5000,34.0,61.0000,100
2024-07-17 00:00:00,46.5000,57.5000,78,455.5000,564.0000,34.0,62.0000,100
2024-07-17 01:00:00,44.5000,54.5000,74,459.0000,488.5000,33.0,61.0000,100
2024-07-17 02:00:00,38.5000,47.0000,64,473.5000,396.5000,33.0,57.5000,100
2024-07-17 03:00:00,34.0000,40.5000,57,463.5000,271.5000,33.0,56.0000,100
2024-07-17 04:00:00,32.5000,38.5000,54,485.5000,258.5000,33.0,55.5000,100
2024-07-17 05:00:00,37.0000,44.5000,62,476.0000,277.5000,33.0,57.5000,100
2024-07-17 06:00:00,36.0000,43.5000,60,500.5000,475.5000,33.0,58.0000,100
2024-07-17 07:00:00,44.0000,54.0000,73,701.5000,669.5000,33.0,61.0000,100
2024-07-17 08:00:00,43.5000,52.0000,72,790.0000,334.5000,34.0,62.5000,100
2024-07-17 09:00:00,61.0000,71.5000,103,628.0000,356.0000,34.0,61.0000,100
2024-07-17 10:00:00,36.5000,43.5000,61,456.0000,201.5000,34.0,60.0000,100
2024-07-17 11:00:00,31.5000,36.5000,52,438.5000,155.0000,34.0,59.5000,100
2024-07-17 12:00:00,31.0000,36.0000,52,437.0000,116.5000,33.0,60.0000,80
2024-07-17 13:00:00,32.0000,37.5000,53,419.5000,79.0000,34.0,57.0000,80
2024-07-17 14:00:00,33.0000,38.5000,55,417.0000,66.5000,34.0,57.0000,100
2024-07-17 15:00:00,32.5000,37.5000,54,415.5000,111.0000,34.0,56.5000,100
2024-07-17 16:00:00,34.0000,40.0000,57,408.5000,176.5000,34.0,59.0000,100
2024-07-17 17:00:00,78.0000,103.5000,160,554.0000,760.5000,34.0,61.0000,100
2024-07-17 18:00:00,23.5000,28.5000,39,461.5000,534.0000,34.0,59.0000,100
2024-07-17 19:00:00,30.5000,36.0000,51,712.5000,731.0000,34.0,60.5000,100
2024-07-17 20:00:00,26.5000,31.5000,44,527.0000,673.0000,34.0,60.0000,100
2024-07-17 21:00:00,28.5000,33.5000,48,463.5000,640.5000,34.0,59.0000,100
2024-07-17 22:00:00,29.0000,34.0000,48,481.0000,694.0000,34.0,59.5000,100
2024-07-17 23:00:00,33.0000,38.5000,55,495.0000,844.0000,34.0,59.5000,100
2024-07-18 00:00:00,35.0000,42.0000,58,470.0000,501.5000,34.0,58.0000,100
2024-07-18 01:00:00,36.5000,44.0000,61,457.0000,582.5000,34.0,59.0000,100
2024-07-18 02:00:00,39.0000,47.0000,65,457.0000,667.0000,33.5,59.0000,100
2024-07-18 03:00:00,37.0000,44.5000,62,460.5000,615.0000,33.0,59.0000,100
2024-07-18 04:00:00,36.5000,44.0000,61,463.5000,583.0000,33.0,59.0000,100
2024-07-18 05:00:00,31.0000,36.5000,52,501.5000,591.0000,33.0,53.5000,100
2024-07-18 06:00:00,34.5000,41.0000,58,506.5000,605.5000,33.0,54.5000,100
2024-07-18 07:00:00,42.5000,52.0000,71,513.5000,566.0000,33.0,56.5000,100
2024-07-18 08:00:00,62.5000,77.0000,108,520.5000,587.5000,33.0,59.5000,100
2024-07-18 09:00:00,67.5000,83.0000,125,684.5000,778.5000,33.5,61.5000,100
2024-07-18 10:00:00,69.5000,83.0000,132,539.5000,396.5000,33.5,60.5000,100
2024-07-18 11:00:00,55.5000,68.5000,92,446.0000,210.0000,34.0,60.0000,100
2024-07-18 12:00:00,59.5000,74.0000,99,577.0000,370.0000,34.0,61.5000,100
2024-07-18 13:00:00,50.0000,61.0000,83,431.0000,209.5000,34.0,59.5000,100
2024-07-18 14:00:00,25.5000,30.0000,42,416.0000,169.0000,33.0,58.5000,100
2024-07-18 15:00:00,19.0000,24.0000,32,422.5000,183.0000,33.0,56.0000,100
2024-07-18 16:00:00,25.0000,29.5000,42,422.0000,326.5000,33.0,57.5000,100
2024-07-18 17:00:00,26.5000,31.5000,44,428.0000,314.5000,33.0,56.5000,100
2024-07-18 18:00:00,31.0000,36.5000,52,563.0000,466.0000,33.5,58.5000,100
2024-07-18 19:00:00,39.0000,47.5000,65,455.5000,711.5000,33.0,60.5000,100
2024-07-18 20:00:00,38.5000,46.5000,64,464.5000,541.5000,33.0,61.0000,100
2024-07-18 21:00:00,46.0000,57.0000,77,513.0000,673.0000,33.0,61.0000,80
2024-07-18 22:00:00,40.0000,48.5000,67,524.0000,707.5000,33.0,58.0000,100
2024-07-18 23:00:00,31.5000,37.0000,52,514.5000,619.5000,33.0,55.0000,100
2024-07-19 00:00:00,29.5000,34.5000,49,517.5000,544.0000,33.0,54.5000,100
2024-07-19 01:00:00,27.0000,32.0000,45,508.0000,476.0000,33.0,54.0000,100
2024-07-19 02:00:00,29.0000,34.0000,48,497.5000,507.0000,33.0,56.5000,100
2024-07-19 03:00:00,29.0000,34.0000,48,530.5000,607.5000,33.0,56.0000,100
2024-07-19 04:00:00,39.0000,47.5000,65,484.0000,659.0000,33.0,58.5000,100
2024-07-19 05:00:00,40.5000,49.5000,68,466.5000,652.5000,33.0,58.0000,100
2024-07-19 06:00:00,55.0000,69.0000,92,515.0000,1141.0000,33.0,59.5000,100
2024-07-19 07:00:00,86.0000,105.0000,187,680.0000,1543.5000,32.5,61.0000,100
2024-07-19 08:00:00,106.0000,126.0000,253,971.0000,1814.0000,34.0,61.5000,100
2024-07-19 09:00:00,60.5000,76.0000,102,530.5000,540.0000,34.0,58.0000,80
2024-07-19 10:00:00,72.0000,89.5000,140,449.0000,369.0000,33.5,59.5000,80
2024-07-19 11:00:00,75.5000,93.0000,152,435.0000,244.0000,33.5,60.0000,100
2024-07-19 12:00:00,90.0000,109.0000,200,439.5000,136.5000,34.0,60.0000,100
2024-07-19 13:00:00,77.5000,96.5000,158,429.0000,90.0000,34.0,59.5000,100
2024-07-19 14:00:00,76.5000,94.0000,155,426.0000,65.5000,34.0,59.0000,100
2024-07-19 15:00:00,102.5000,121.5000,242,429.5000,106.0000,34.0,59.0000,100
2024-07-19 16:00:00,92.5000,111.5000,208,425.0000,93.0000,34.0,58.5000,100
2024-07-19 17:00:00,75.5000,93.0000,152,469.0000,213.0000,34.0,59.5000,100
2024-07-19 18:00:00,58.5000,73.5000,98,499.0000,231.0000,34.0,59.5000,100
2024-07-19 19:00:00,66.5000,83.5000,122,433.5000,243.5000,34.0,61.0000,100
2024-07-19 20:00:00,70.0000,87.0000,133,470.5000,409.0000,33.5,62.5000,100
2024-07-19 21:00:00,93.0000,111.5000,210,542.0000,327.0000,34.0,61.5000,100
2024-07-19 22:00:00,63.5000,79.5000,112,467.5000,344.5000,34.0,60.0000,100
2024-07-19 23:00:00,52.0000,65.0000,87,465.0000,293.0000,34.0,59.0000,100
2024-07-20 00:00:00,42.0000,51.5000,70,471.5000,355.0000,33.5,58.5000,100
2024-07-20 01:00:00,42.5000,52.5000,71,475.0000,410.0000,33.0,58.5000,100
2024-07-20 02:00:00,47.0000,58.0000,78,463.5000,298.5000,33.0,58.5000,100
2024-07-20 03:00:00,49.0000,61.0000,82,467.0000,308.0000,33.0,58.5000,100
2024-07-20 04:00:00,49.5000,61.5000,82,458.5000,222.5000,33.0,58.0000,100
2024-07-20 05:00:00,46.5000,58.0000,78,458.0000,221.0000,33.0,58.0000,100
2024-07-20 06:00:00,36.0000,43.5000,60,472.0000,281.5000,33.0,56.5000,100
2024-07-20 07:00:00,39.0000,48.0000,65,450.0000,224.5000,33.0,57.5000,100
2024-07-20 08:00:00,48.5000,59.5000,81,494.5000,281.5000,33.0,59.0000,100
2024-07-20 09:00:00,47.5000,59.0000,79,547.0000,414.5000,33.0,61.0000,100
2024-07-20 10:00:00,119.5000,136.5000,298,528.5000,280.0000,33.0,61.5000,80
2024-07-20 11:00:00,51.5000,64.5000,86,440.0000,186.5000,33.0,60.0000,80
2024-07-20 12:00:00,49.5000,61.5000,82,429.5000,157.5000,33.0,58.5000,100
2024-07-20 13:00:00,57.0000,69.5000,95,496.5000,222.5000,33.5,58.0000,100
2024-07-20 14:00:00,114.5000,130.5000,282,483.5000,229.0000,34.0,56.5000,100
2024-07-20 15:00:00,43.0000,52.5000,72,431.5000,112.0000,34.0,55.5000,100
2024-07-20 16:00:00,42.0000,51.5000,70,438.0000,125.5000,34.0,54.5000,100
2024-07-20 17:00:00,46.5000,57.0000,78,422.5000,81.5000,34.0,54.5000,100
2024-07-20 18:00:00,49.5000,62.0000,82,407.0000,86.5000,34.0,54.5000,100
2024-07-20 19:00:00,50.5000,62.5000,84,412.0000,203.0000,34.0,55.0000,100
2024-07-20 20:00:00,47.5000,59.0000,79,422.0000,335.5000,34.0,55.5000,100
2024-07-20 21:00:00,49.5000,61.5000,82,431.0000,402.5000,34.0,57.0000,100
2024-07-20 22:00:00,57.0000,72.0000,95,431.5000,367.0000,34.0,57.5000,100
2024-07-20 23:00:00,57.0000,72.0000,95,455.5000,522.0000,34.0,58.0000,100
2024-07-21 00:00:00,47.5000,59.0000,79,460.5000,511.5000,34.0,57.5000,100
2024-07-21 01:00:00,40.0000,49.0000,67,460.5000,455.5000,34.0,57.0000,100
2024-07-21 02:00:00,37.0000,44.5000,62,458.5000,453.0000,34.0,58.0000,100
2024-07-21 03:00:00,47.0000,58.0000,78,442.0000,445.5000,34.0,59.5000,100
2024-07-21 04:00:00,46.0000,57.0000,77,455.0000,445.5000,33.5,58.5000,100
2024-07-21 05:00:00,47.5000,58.0000,79,482.5000,639.0000,33.5,55.0000,100
2024-07-21 06:00:00,42.5000,52.5000,71,469.0000,552.0000,34.0,56.0000,100
2024-07-21 07:00:00,39.0000,47.5000,65,464.5000,397.0000,33.0,55.0000,100
2024-07-21 08:00:00,27.5000,33.0000,46,465.0000,364.0000,33.0,56.0000,100
2024-07-21 09:00:00,27.0000,32.0000,45,573.5000,572.5000,33.5,57.0000,100
2024-07-21 10:00:00,33.0000,39.0000,55,458.5000,273.0000,33.0,57.5000,100
2024-07-21 11:00:00,44.5000,54.5000,74,427.5000,180.0000,33.0,60.0000,100
2024-07-21 12:00:00,58.0000,70.5000,97,688.0000,511.5000,34.0,61.0000,100
2024-07-21 13:00:00,55.0000,68.5000,92,697.5000,218.5000,34.0,61.0000,100
2024-07-21 14:00:00,38.0000,45.5000,63,425.5000,145.5000,34.0,57.5000,100
2024-07-21 15:00:00,42.5000,52.0000,71,422.0000,240.0000,34.0,60.5000,100
2024-07-21 16:00:00,34.5000,41.0000,58,413.5000,224.5000,34.0,60.0000,100
2024-07-21 17:00:00,28.0000,32.5000,47,410.5000,217.5000,34.0,59.0000,100
2024-07-21 18:00:00,32.0000,37.0000,53,455.5000,333.5000,34.0,59.5000,100
2024-07-21 19:00:00,34.5000,41.0000,58,422.0000,360.0000,34.0,60.0000,100
2024-07-21 20:00:00,34.5000,40.5000,58,469.5000,426.5000,34.0,60.0000,100
2024-07-21 21:00:00,32.5000,39.0000,54,474.5000,413.5000,34.0,60.0000,100
2024-07-21 22:00:00,34.5000,41.0000,58,474.0000,334.5000,34.0,58.5000,100
2024-07-21 23:00:00,26.5000,31.0000,44,444.0000,330.5000,34.0,58.0000,100
2024-07-22 00:00:00,25.0000,30.0000,42,444.0000,286.0000,34.0,57.5000,100
2024-07-22 01:00:00,18.0000,22.5000,30,440.5000,314.5000,34.0,56.5000,100
2024-07-22 02:00:00,16.0000,20.5000,27,447.5000,286.5000,34.0,55.5000,100
2024-07-22 03:00:00,17.5000,21.5000,29,447.0000,227.5000,33.0,55.5000,100
2024-07-22 04:00:00,21.0000,25.5000,35,462.0000,262.0000,33.0,55.5000,100
2024-07-22 05:00:00,23.0000,27.5000,38,465.0000,273.0000,33.5,55.0000,100
2024-07-22 06:00:00,27.0000,32.0000,45,472.0000,324.0000,33.0,55.0000,100
2024-07-22 07:00:00,37.0000,44.0000,62,480.0000,434.5000,33.0,57.0000,100
2024-07-22 08:00:00,56.5000,69.0000,94,712.0000,637.0000,33.5,60.0000,100
2024-07-22 09:00:00,55.5000,70.0000,92,741.5000,450.0000,34.0,61.5000,100
2024-07-22 10:00:00,43.0000,53.0000,72,449.5000,223.0000,34.0,60.0000,100
2024-07-22 11:00:00,38.5000,47.5000,64,417.0000,167.0000,34.0,59.5000,100
2024-07-22 12:00:00,40.5000,49.5000,68,557.5000,267.0000,34.0,61.0000,100
2024-07-22 13:00:00,46.0000,56.0000,77,612.5000,219.0000,34.0,60.5000,100
2024-07-22 14:00:00,28.0000,34.5000,47,413.0000,181.5000,34.0,59.0000,100
2024-07-22 15:00:00,11.5000,14.5000,19,415.0000,199.0000,33.0,62.5000,100
2024-07-22 16:00:00,13.0000,16.5000,22,416.0000,166.5000,32.5,62.0000,100
2024-07-22 17:00:00,17.0000,21.5000,28,428.5000,240.5000,33.0,63.0000,100
2024-07-22 18:00:00,27.5000,32.5000,46,437.0000,363.5000,33.0,63.0000,100
2024-07-22 19:00:00,45.5000,73.5000,76,441.5000,455.5000,33.0,63.0000,100
2024-07-22 20:00:00,53.5000,86.5000,89,540.5000,774.5000,33.0,63.5000,100
2024-07-22 21:00:00,62.0000,96.5000,107,651.0000,978.0000,33.5,63.0000,100
2024-07-22 22:00:00,48.0000,78.5000,80,524.0000,829.5000,33.0,59.0000,100
2024-07-22 23:00:00,37.5000,63.5000,64,542.0000,781.5000,33.0,57.5000,100
2024-07-23 00:00:00,44.0000,72.0000,73,571.5000,707.5000,33.0,58.0000,100
2024-07-23 01:00:00,45.5000,75.0000,76,491.5000,524.5000,33.0,59.5000,100
2024-07-23 02:00:00,51.0000,82.5000,85,452.5000,441.5000,33.0,63.0000,100
2024-07-23 03:00:00,56.0000,89.5000,93,454.0000,508.0000,33.0,64.0000,100
2024-07-23 04:00:00,52.0000,84.0000,87,459.0000,461.5000,33.0,63.5000,100
2024-07-23 05:00:00,51.5000,84.0000,86,475.0000,374.5000,33.0,62.5000,100
2024-07-23 06:00:00,54.0000,87.5000,90,465.0000,323.5000,33.0,62.5000,100
2024-07-23 07:00:00,53.5000,86.5000,89,465.0000,291.5000,32.5,62.5000,100
2024-07-23 08:00:00,59.5000,93.0000,99,633.5000,720.5000,32.0,65.0000,100
2024-07-23 09:00:00,195.0000,310.0000,358,662.0000,458.5000,32.0,67.0000,80
2024-07-23 10:00:00,64.5000,99.5000,115,478.5000,198.5000,32.0,66.0000,80
2024-07-23 11:00:00,60.0000,94.5000,100,426.0000,123.5000,32.0,66.0000,60
2024-07-23 12:00:00,66.0000,101.5000,120,417.0000,77.0000,32.0,66.0000,40
2024-07-23 13:00:00,65.5000,101.0000,118,416.5000,76.5000,32.0,67.0000,40
2024-07-23 14:00:00,65.5000,101.0000,118,421.0000,128.5000,32.0,69.0000,20
2024-07-23 15:00:00,50.0000,81.5000,83,419.0000,162.0000,32.0,68.5000,20
2024-07-24 11:00:00,83.0000,121.5000,177,709.0000,566.5000,31.0,71.0000,100
2024-07-24 12:00:00,82.0000,119.5000,173,532.0000,418.0000,32.0,66.0000,100
2024-07-24 13:00:00,72.5000,109.5000,142,447.5000,354.0000,32.0,66.0000,100
2024-07-24 14:00:00,92.5000,131.0000,208,434.0000,341.5000,32.0,65.0000,100
2024-07-24 15:00:00,86.5000,125.0000,188,431.0000,255.5000,32.0,64.0000,100
2024-07-24 16:00:00,93.0000,132.0000,210,428.0000,250.0000,32.0,65.0000,100
2024-07-24 17:00:00,92.0000,130.5000,207,425.5000,245.0000,32.0,65.0000,100
2024-07-24 18:00:00,88.5000,126.5000,195,425.0000,242.0000,32.0,66.0000,100
2024-07-24 19:00:00,67.5000,125.0000,125,437.0000,298.0000,32.0,66.5000,100
2024-07-24 20:00:00,65.0000,132.0000,121,548.0000,595.5000,32.0,67.5000,100
2024-07-24 21:00:00,71.0000,141.5000,137,557.5000,604.0000,32.0,67.5000,100
2024-07-24 22:00:00,77.0000,152.0000,157,591.0000,683.0000,32.0,67.5000,100
2024-07-24 23:00:00,57.5000,121.0000,114,519.0000,683.0000,32.0,66.5000,100
2024-07-25 00:00:00,58.5000,122.0000,115,518.5000,581.0000,32.0,65.0000,100
2024-07-25 01:00:00,63.0000,128.5000,119,494.5000,547.5000,32.0,65.0000,100
2024-07-25 02:00:00,60.5000,124.5000,116,508.5000,507.0000,32.0,64.5000,100
2024-07-25 03:00:00,58.5000,121.5000,114,500.0000,374.5000,32.0,65.0000,100
2024-07-25 04:00:00,59.0000,122.5000,115,490.0000,354.0000,32.0,65.0000,100
2024-07-25 05:00:00,48.5000,106.0000,104,477.0000,342.0000,32.0,64.5000,100
2024-07-25 06:00:00,44.0000,98.0000,98,480.0000,357.0000,32.0,65.0000,100
2024-07-25 07:00:00,33.0000,73.5000,74,512.5000,403.0000,32.0,65.5000,100
2024-07-25 08:00:00,36.0000,80.0000,80,526.0000,510.0000,32.0,65.0000,100
2024-07-25 09:00:00,16.0000,32.0000,32,545.0000,406.5000,32.0,64.0000,100
2024-07-25 10:00:00,23.0000,48.0000,48,446.0000,268.5000,32.0,65.0000,100
2024-07-25 11:00:00,26.5000,58.0000,58,432.0000,177.5000,32.0,64.5000,100
2024-07-25 12:00:00,36.5000,83.5000,84,432.5000,162.5000,32.0,66.0000,100
2024-07-25 13:00:00,33.0000,74.5000,74,414.0000,58.0000,32.0,64.0000,100
2024-07-25 14:00:00,37.5000,86.5000,86,410.0000,64.0000,32.0,62.5000,100
2024-07-25 15:00:00,41.0000,93.0000,93,416.0000,145.0000,32.0,63.0000,100
2024-07-25 16:00:00,35.5000,81.5000,82,412.0000,96.0000,33.0,60.5000,100
2024-07-25 17:00:00,32.0000,72.0000,72,435.0000,138.0000,33.0,59.5000,100
2024-07-25 18:00:00,40.5000,91.0000,91,416.0000,107.0000,33.0,59.5000,100
2024-07-25 19:00:00,44.5000,99.0000,99,429.5000,355.5000,33.0,61.5000,100
2024-07-25 20:00:00,47.5000,104.5000,103,618.5000,524.5000,33.0,64.0000,100
2024-07-25 21:00:00,47.0000,100.5000,100,733.0000,638.0000,33.0,65.0000,100
2024-07-25 22:00:00,19.5000,40.5000,40,500.5000,539.0000,33.0,61.5000,100
2024-07-25 23:00:00,17.5000,36.0000,36,477.5000,527.5000,33.0,62.0000,100
2024-07-26 00:00:00,22.5000,47.0000,47,477.5000,507.0000,33.0,62.5000,100
2024-07-26 01:00:00,27.0000,59.5000,60,480.0000,506.5000,33.0,62.5000,100
2024-07-26 02:00:00,32.0000,72.5000,72,481.0000,453.0000,32.5,62.0000,100
2024-07-26 03:00:00,32.5000,74.0000,74,484.5000,419.0000,32.0,63.0000,100
2024-07-26 04:00:00,36.5000,83.5000,84,482.5000,382.5000,32.0,63.5000,100
2024-07-26 05:00:00,30.0000,67.5000,68,453.0000,222.5000,32.0,62.0000,100
2024-07-26 06:00:00,21.5000,44.0000,44,454.0000,290.0000,32.0,61.0000,100
2024-07-26 07:00:00,13.0000,25.5000,26,441.0000,273.0000,32.0,60.5000,100
2024-07-26 08:00:00,35.0000,66.5000,66,508.0000,492.0000,32.0,61.0000,100
2024-07-26 09:00:00,36.0000,64.0000,64,627.5000,669.5000,32.0,63.0000,100
2024-07-26 10:00:00,61.5000,112.0000,108,478.0000,285.0000,32.0,63.0000,100
2024-07-26 11:00:00,33.5000,75.5000,76,429.0000,153.5000,32.0,63.0000,100
2024-07-26 12:00:00,51.5000,111.5000,108,760.0000,444.0000,32.5,66.0000,100
2024-07-26 13:00:00,80.5000,152.0000,168,510.0000,201.0000,33.0,64.0000,100
2024-07-26 14:00:00,53.5000,114.0000,109,452.0000,233.0000,32.5,67.0000,100
2024-07-26 15:00:00,29.0000,64.0000,64,425.0000,267.0000,32.0,64.0000,100
2024-07-26 16:00:00,39.0000,88.5000,88,425.0000,430.0000,32.0,64.0000,100
2024-07-26 17:00:00,51.0000,110.5000,107,419.0000,352.0000,32.0,65.0000,100
2024-07-26 18:00:00,57.5000,120.5000,114,418.0000,347.0000,32.0,64.5000,100
2024-07-26 19:00:00,63.0000,128.5000,119,422.0000,420.0000,32.0,66.0000,100
2024-07-26 20:00:00,69.5000,139.0000,132,567.0000,811.0000,32.0,67.0000,100
2024-07-26 21:00:00,70.5000,141.0000,135,664.5000,1119.0000,33.0,67.5000,100
2024-07-26 22:00:00,65.5000,133.0000,122,581.0000,1157.5000,32.0,66.5000,100
2024-07-26 23:00:00,72.5000,143.0000,142,574.5000,1105.5000,32.0,64.5000,100
2024-07-27 00:00:00,78.5000,154.0000,162,517.5000,916.5000,32.0,64.5000,100
2024-07-27 01:00:00,78.0000,153.0000,160,498.0000,617.0000,32.0,65.0000,100
2024-07-27 02:00:00,74.5000,147.5000,148,448.5000,370.5000,32.0,66.5000,100
2024-07-27 03:00:00,58.0000,121.0000,114,460.0000,391.0000,32.0,65.0000,100
2024-07-27 04:00:00,44.5000,98.5000,98,444.5000,325.5000,32.0,64.5000,100
2024-07-27 05:00:00,39.0000,89.0000,89,457.5000,402.5000,32.0,65.0000,100
2024-07-27 06:00:00,28.0000,61.5000,62,474.5000,464.5000,32.0,62.5000,100
2024-07-27 07:00:00,30.0000,66.5000,66,472.5000,441.5000,32.0,63.0000,100
2024-07-27 08:00:00,43.5000,97.0000,97,545.5000,675.0000,32.0,64.0000,100
2024-07-27 09:00:00,44.0000,98.5000,98,504.0000,501.5000,32.0,66.0000,100
2024-07-27 10:00:00,75.5000,146.5000,152,557.0000,484.5000,32.0,66.0000,100
2024-07-27 11:00:00,129.0000,228.0000,307,607.5000,604.5000,32.5,67.0000,100
2024-07-27 12:00:00,77.0000,151.5000,157,840.0000,601.5000,33.0,67.5000,100
2024-07-27 13:00:00,81.5000,159.0000,172,455.5000,276.0000,33.0,65.0000,100
2024-07-27 14:00:00,83.0000,162.5000,177,434.5000,188.5000,33.0,65.0000,100
2024-07-27 15:00:00,84.0000,164.5000,180,436.0000,170.0000,33.0,63.5000,100
2024-07-27 16:00:00,46.5000,99.0000,99,416.0000,171.0000,32.5,61.0000,100
2024-07-27 17:00:00,38.0000,86.0000,86,417.0000,313.5000,32.0,63.0000,100
2024-07-27 18:00:00,41.5000,94.0000,94,422.5000,363.5000,33.0,65.5000,100
2024-07-27 19:00:00,26.0000,55.0000,55,421.5000,202.0000,32.0,64.5000,100
2024-07-27 20:00:00,15.5000,30.5000,30,449.0000,337.0000,32.0,65.0000,100
2024-07-27 21:00:00,18.5000,36.5000,36,465.0000,350.0000,32.0,66.0000,100
2024-07-27 22:00:00,19.0000,39.0000,39,473.5000,394.0000,32.0,66.0000,100
2024-07-27 23:00:00,20.5000,44.0000,44,485.0000,508.5000,32.0,65.5000,100
2024-07-28 00:00:00,21.5000,45.5000,46,504.0000,553.5000,32.0,64.5000,100
2024-07-28 01:00:00,25.0000,55.5000,56,490.0000,382.0000,32.5,63.0000,100
2024-07-28 02:00:00,25.0000,54.0000,54,472.0000,306.0000,32.0,64.0000,100
2024-07-28 03:00:00,20.5000,42.5000,42,473.5000,308.5000,32.0,64.5000,100
2024-07-28 04:00:00,23.0000,48.5000,48,471.5000,346.0000,32.0,64.5000,100
2024-07-28 05:00:00,24.5000,53.5000,54,491.0000,492.0000,32.0,64.0000,100
2024-07-28 06:00:00,27.5000,60.5000,60,496.5000,574.5000,32.0,64.5000,100
2024-07-28 07:00:00,36.5000,84.5000,84,534.5000,779.5000,32.0,65.5000,100
2024-07-28 08:00:00,71.5000,142.0000,138,661.0000,724.5000,32.0,67.5000,100
2024-07-28 09:00:00,43.5000,97.5000,98,567.5000,481.0000,33.0,64.0000,100
2024-07-28 10:00:00,54.5000,115.5000,110,471.0000,297.5000,33.0,64.5000,100
2024-07-28 11:00:00,30.0000,68.5000,68,419.0000,167.5000,33.0,62.0000,100
2024-07-28 12:00:00,15.5000,30.0000,30,407.0000,130.0000,33.0,60.5000,100
2024-07-28 13:00:00,9.5000,18.0000,18,405.5000,150.5000,33.0,61.0000,100
2024-07-28 14:00:00,15.0000,29.5000,30,401.5000,123.0000,33.0,63.0000,100
2024-07-28 15:00:00,14.0000,27.5000,28,401.5000,122.5000,33.0,63.0000,100
2024-07-28 16:00:00,11.5000,23.0000,23,418.5000,143.0000,33.0,60.0000,100
2024-07-28 17:00:00,10.0000,19.5000,20,428.0000,109.0000,33.0,60.0000,100
2024-07-28 18:00:00,11.5000,22.0000,22,497.5000,250.0000,33.0,60.5000,100
2024-07-28 19:00:00,9.0000,17.0000,17,452.0000,233.5000,33.0,58.0000,100
2024-07-28 20:00:00,11.0000,21.0000,21,441.0000,158.5000,33.0,59.0000,100
2024-07-28 21:00:00,20.0000,40.5000,40,528.5000,373.5000,33.0,61.5000,100
2024-07-28 22:00:00,23.5000,49.0000,49,490.0000,371.5000,33.0,61.5000,100
2024-07-28 23:00:00,13.5000,26.0000,26,466.5000,247.0000,33.0,60.5000,100
2024-07-29 00:00:00,14.5000,28.5000,28,460.5000,171.0000,33.0,59.0000,100
2024-07-29 01:00:00,13.0000,26.0000,26,459.5000,142.5000,33.0,56.0000,100
2024-07-29 02:00:00,10.0000,19.5000,20,458.5000,138.0000,33.0,54.5000,100
2024-07-29 03:00:00,11.0000,20.5000,20,464.5000,110.0000,33.0,55.0000,100
2024-07-29 04:00:00,13.0000,24.0000,24,481.0000,187.5000,33.0,54.5000,100
2024-07-29 05:00:00,15.0000,29.5000,30,477.5000,240.0000,33.0,56.5000,100
2024-07-29 06:00:00,18.5000,37.5000,38,487.0000,307.5000,32.5,56.5000,100
2024-07-29 07:00:00,16.0000,31.5000,32,491.0000,298.0000,32.0,58.5000,100
2024-07-29 08:00:00,20.5000,43.0000,43,535.0000,274.0000,32.0,62.0000,100
2024-07-29 09:00:00,27.0000,58.5000,58,489.0000,198.0000,33.0,62.5000,100
2024-07-29 10:00:00,82.0000,133.5000,173,470.0000,115.5000,33.0,61.5000,100
2024-07-29 11:00:00,37.0000,83.0000,83,605.5000,179.0000,33.0,61.0000,100
2024-07-29 12:00:00,34.5000,80.5000,80,469.5000,71.0000,33.0,61.0000,100
2024-07-29 13:00:00,89.5000,163.5000,198,736.5000,122.0000,34.0,61.5000,100
2024-07-29 14:00:00,36.0000,84.0000,84,508.0000,103.5000,34.0,58.5000,100
2024-07-29 15:00:00,36.0000,83.5000,84,422.5000,68.5000,33.0,58.0000,80
2024-07-29 16:00:00,30.0000,67.0000,67,428.0000,58.5000,33.0,57.5000,80
2024-07-29 17:00:00,36.0000,83.5000,84,411.5000,63.0000,34.0,57.0000,80
2024-07-29 18:00:00,38.5000,88.5000,88,470.0000,113.0000,34.0,55.5000,80
2024-07-29 19:00:00,38.5000,88.5000,88,438.0000,148.5000,34.0,56.5000,100
2024-07-29 20:00:00,44.0000,97.5000,98,567.0000,402.5000,34.0,57.5000,100
2024-07-29 21:00:00,37.5000,86.5000,86,526.0000,427.0000,34.0,58.0000,100
2024-07-29 22:00:00,36.5000,84.5000,84,488.0000,384.0000,34.0,58.0000,100
2024-07-29 23:00:00,37.0000,86.0000,86,468.5000,333.0000,34.0,58.0000,100
2024-07-30 00:00:00,41.0000,93.5000,94,462.0000,400.5000,34.0,58.0000,100
2024-07-30 01:00:00,40.5000,92.5000,92,485.0000,365.5000,34.0,57.0000,100
2024-07-30 02:00:00,42.5000,95.0000,95,473.5000,269.5000,33.0,58.0000,100
2024-07-30 03:00:00,34.5000,79.0000,79,446.5000,181.0000,33.0,60.0000,100
2024-07-30 04:00:00,27.0000,59.0000,59,444.5000,177.0000,33.0,60.5000,100
2024-07-30 05:00:00,34.0000,78.5000,78,454.0000,170.0000,33.0,60.0000,100
2024-07-30 06:00:00,31.5000,71.5000,72,453.5000,227.0000,33.0,60.0000,100
2024-07-30 07:00:00,26.0000,57.0000,57,504.0000,235.0000,33.0,60.5000,100
2024-07-30 08:00:00,34.5000,79.0000,79,682.0000,485.5000,33.5,62.5000,100
2024-07-30 09:00:00,145.5000,279.5000,320,608.5000,360.5000,33.5,63.5000,80
2024-07-30 10:00:00,52.5000,106.0000,104,522.0000,196.5000,33.5,62.5000,80
2024-07-30 11:00:00,34.5000,74.5000,74,511.0000,189.0000,34.0,59.5000,80
2024-07-30 12:00:00,39.0000,89.0000,89,539.0000,102.0000,34.0,60.5000,100
2024-07-30 13:00:00,29.0000,64.5000,64,415.0000,56.5000,34.0,57.5000,100
2024-07-30 14:00:00,26.0000,57.0000,57,418.5000,69.0000,34.0,56.5000,100
2024-07-30 15:00:00,25.5000,56.0000,56,412.0000,62.5000,34.0,57.5000,100
2024-07-30 16:00:00,24.0000,50.5000,50,414.0000,120.5000,34.0,55.5000,100
2024-07-30 17:00:00,22.0000,48.0000,48,415.5000,168.5000,34.0,55.5000,80
2024-07-30 18:00:00,25.5000,64.5000,64,471.5000,234.5000,34.0,55.5000,80
2024-07-30 19:00:00,27.0000,70.0000,70,417.5000,272.5000,34.0,58.5000,80
2024-07-30 20:00:00,20.5000,46.0000,46,435.5000,409.0000,34.0,59.0000,100
2024-07-30 21:00:00,91.0000,150.0000,203,565.0000,743.5000,34.0,61.5000,100
2024-07-30 22:00:00,18.5000,38.0000,38,481.0000,811.0000,34.0,61.5000,100
2024-07-30 23:00:00,21.5000,47.0000,47,487.5000,805.5000,34.0,61.0000,100
2024-07-31 00:00:00,24.0000,58.5000,58,480.5000,852.0000,34.0,61.0000,100
2024-07-31 01:00:00,23.5000,56.5000,56,484.0000,708.0000,34.0,60.0000,100
2024-07-31 02:00:00,28.5000,74.5000,74,446.0000,607.0000,34.0,62.0000,100
2024-07-31 03:00:00,29.5000,76.0000,76,450.5000,694.5000,34.0,61.5000,100
2024-07-31 04:00:00,30.5000,78.0000,78,456.5000,787.0000,34.0,61.0000,100
2024-07-31 05:00:00,32.0000,80.0000,80,478.0000,783.0000,33.5,60.5000,100
2024-07-31 06:00:00,30.5000,78.0000,78,498.5000,796.5000,33.5,59.0000,100
2024-07-31 07:00:00,32.0000,80.0000,80,547.0000,736.5000,33.0,60.0000,100
2024-07-31 08:00:00,30.0000,77.0000,77,498.5000,531.0000,33.5,61.0000,100
2024-07-31 09:00:00,31.0000,79.0000,79,552.0000,644.5000,33.0,62.0000,100
2024-07-31 10:00:00,28.5000,73.5000,74,491.0000,409.5000,33.0,63.5000,100
2024-07-31 11:00:00,25.0000,61.5000,62,452.5000,319.0000,33.0,63.5000,100
2024-07-31 12:00:00,38.0000,81.5000,82,705.5000,621.5000,34.0,63.5000,100
2024-07-31 13:00:00,22.5000,52.5000,52,484.0000,280.5000,34.0,62.0000,100
2024-07-31 14:00:00,21.0000,48.5000,48,413.5000,236.0000,34.0,61.0000,100
2024-07-31 15:00:00,20.0000,44.5000,44,411.5000,249.0000,34.0,60.0000,100
2024-07-31 16:00:00,20.0000,44.5000,44,409.0000,216.0000,34.0,61.5000,100
2024-07-31 17:00:00,20.0000,45.5000,46,407.5000,209.0000,34.0,61.0000,100
2024-07-31 18:00:00,20.0000,45.0000,45,411.5000,257.0000,34.0,61.0000,100
2024-07-31 19:00:00,19.5000,45.5000,46,440.0000,346.5000,34.0,60.5000,100
2024-07-31 20:00:00,12.0000,24.5000,24,509.5000,287.0000,34.0,61.0000,100
2024-07-31 21:00:00,7.5000,13.5000,14,447.0000,155.5000,32.5,61.0000,80
2024-07-31 22:00:00,9.0000,17.0000,17,433.5000,124.0000,33.0,59.5000,80
2024-07-31 23:00:00,6.0000,10.5000,10,446.5000,153.5000,33.0,58.0000,80
2024-08-01 00:00:00,3.0000,5.0000,5,429.0000,114.0000,33.0,57.5000,80
